"yury",
"airhead",
"bonehead",
"douche",
"perver",
"pussi",
"you tard",
"wack off",
"bog off",
"crap",
"fat ass",
"jerk",
"minger",
"nutsack",
"pain in the ass",
"piece of shit",
"piss off",
"schmuck",
"screw up",
"shmuck",
"slag",
"smart-arse",
"smart-ass",
"son of a bitch",
"suckass",
"tight-arse",
"tight-ass",
"extremetech.com",
"chacha.com",
"freemathhelp.com",
"webmath.com",
"mathway.com",
"bbc.co.uk",
"m.theartstory.org",
"wiki.answers.com",
"healthyheart.nhs.uk",
"thefreedictionary.com",
"pbs.org",
"tricksmate.com",
"onlinestatbook.com",
"en.wikipedia.org",
"real-world-physics-problems.com",
"lordsandladies.org",
"clickandlearn.cc",
"webpages.uidaho.edu",
"aryasamaj.com",
"vark-learn.com",
"linux.about.com",
"readwritethink.org",
"sparknotes.com",
"alphabetize.org",
"penpals.web.unc.edu",
"translate.google.ca",
"t.answers.com",
"dictionary.reference.com",
"rhythm-india.com",
"mintaka.sdsu.edu",
"nationalgeographic.com",
"mathsisfun.com",
"edublogs.org",
"blogspot.co",
"algebra.com",
"delaware.gov",
"easybib.com",
"pullman.co.uk",
"thenest.com",
"buyessays.us",
"tqn.com",
"titanpad",
"titanpad.com",
"www.titanpad.com",
"c0ck",
"h@andjob",
"handj0b",
"h@andj0b",
"fu.ck",
"puss.y",
"fuc.k",
"f.uck",
"p.ussy",
"pu.ssy",
"pus.sy",
"f.u.c.k",
"p.u.s.s.y",
"send nudes",
"sslut",
"niqqa",
"azz",
"bich",
"biach",
"dumass",
"stfu",
"fuqq",
"fuq",
"crip",
"dikk",
"wtf",
"nigg3r",
"fricken",
"asf",
"faggt",
"as f",
"b*tch",
"b i t c h",
"n!gg3r",
"dumb4zz",
"idfc",
"lmfao",
"niga",
"w hore",
"b.tch",
"d i c k",
"fboy",
"fgirl",
"b1tch",
"fck",
"fu**",
"ho*",
"ho",
"beyotch",
"fukboi",
"4ss",
"wwhore",
"r e t a r d",
"f==k",
"butthurt",
"f off",
"dicc",
"lick you",
"f a g g e t",
"fagget",
"d!ck",
"n!gger",
"buttsex",
"wh ore",
"sl ut",
"bish",
"thot",
"fuc k",
"a s s",
"c.unt",
"c u n t",
"bit ch",
"fack",
"fu#ck",
"sh it",
"cr!p",
"h orny",
"nicca",
"fukk",
"nig ga",
"f##k",
"mathway",
"smd",
"a55",
"bxtches",
"a**hole",
"give me head",
"naked photos",
"a queer",
"fucKed",
"fuvk",
"bitc*",
"dezz nuts",
"d e e z n u t s",
"cu m",
"bihh",
"f*k",
"c*unt",
"c***",
"c**t",
"sh*t",
"female dog",
"f******",
"f*****g",
"f***ing",
"d***",
"your butt",
"j.erk",
"f a g g o t",
"bdsm",
"kick your ass",
"have s e x",
"f u c k",
"sthu",
"cuum",
"c.u.n.t",
"f-u-c-k",
"k y s",
"negger",
"n.igg",
"n i g g",
"niqq",
"biitch",
"s.hit",
"cu.nt",
"paedo",
"a..ss",
"http://zzz.totmania.net",
"hoee",
"fvck",
"dick head",
"blow job",
"nagger",
"shiz",
"motherflutter",
"fuc",
"motherfuc",
"t i t t i e s",
"t i t t y",
"b.i.t.c.h",
"bi tch",
"f/uck",
"fu/ck",
"fuc/k",
"d/ick",
"di/ck",
"dic/k",
"s/hit",
"sh/it",
"shi/t",
"tiddy",
"t1tt",
"my balls",
"your balls",
"my penis",
"your penis",
"f..uck",
"fucc",
"btch",
"f’uck",
"f’ag",
"@ss",
"faygit",
"hentai",
"henta1",
"suck cok",
"my cok",
"n!gg",
"screw you",
"sex with me",
"lick my",
"my dong",
"google hangout",
"pu$y",
"pu$",
"a$$",
"h0e",
"ƒuck",
"niqa",
"$hit",
"fxx",
"w.t.f",
"but hole",
"cvnt",
"f,ck",
"f*ck",
"w.h.o.r.e",
"batshit",
"dik",
"vegina",
"my dick",
"your dick",
"ur dick",
"tw@t",
"my vagina",
"your vagina",
"your puss",
"my puss",
"pu55y",
"friggin",
"thong",
"#ERROR!",
"succ",
"stripper",
"dushbag",
"midget",
"fcuk",
"bicth",
"p/ussy",
"pu/ssy",
"pus/sy",
"puss/y",
"your snatch",
"ur snatch",
"her snatch",
"her vagina",
"his dick",
"https://yadi.sk/",
"puta",
"vag",
"math way",
"beat meat",
"beat my meat",
"beat his meat",
"cummies",
"af",
"shoot illegal",
"kill ni",
"kill illegal",
"tallywacker",
"Fuck",
"Cunt",
"Bitch",
"Shit",
"Nigg",
"Fag",
"nuds",
"fuc*",
"drink some bleach",
"drink bleach",
"fuuck",
"Puss",
"sl-ut",
"f-uck",
"f**k",
"f you",
"f that",
"f$ck",
"finger me",
"finger you",
"finger her",
"pen1s",
"fиck",
"suck my",
"fml",
"deez nuts",
"deez nutz",
"my nuts",
"n!99",
"sh!t",
"n199",
"n1gg",
"ni99",
"sht",
"my ig",
"ig @",
"my snap",
"snap @",
"insta @",
"instagram @",
"weiner",
"pwussy",
"your pushy",
"puthy",
"suck me",
"TITS",
"screw u",
"ɴɪɢɢᴇʀ",
"dipsh**",
"sh**",
"f-u-k",
"bichth",
"igger",
"1gger",
"peeranswer",
"nibba",
"b!tch",
"soundcloud",
"snapchat",
"black lives don't matter",
"redpill",
"@gmail",
"@yahoo",
"@outlook",
"ᴘᴜssʏ",
"ᴀss",
"ʙɪᴛᴄʜ",
"sɴɪᴛᴄʜ",
"ᴛʜᴏᴛ",
"ғᴜᴄᴋɪɴɢ",
"ғ",
"biotch",
"bit.ly",
"a tard",
"ujeb.se",
"bit.do",
"bööb",
"hyperurl.co",
"possy",
"A > S > S",
"A < S < S",
"discord.gg",
"smartass",
"fuxk",
"lmao",
"lmaoo",
"fxck",
"kys",
"kms",
"kill yourself",
"kill myself",
"omfg",
"axxhole",
"p0rn",
"0rgy",
"tbfh",
"facebook",
"gmail",
"Odysseyware",
"titts",
"大",
"Live 2018",
"办美",
"405665716",
"319777586",
"860801713",
"707091118",
"blogspot",
"liveonhd",
"deadass",
"blyat",
".jpg",
".png",
"vstvon",
".de",
"wimbledonpc",
"Live®",
"francevs",
"supplierbin",
"livegfootball",
"funckin",
"tourfrancede",
"liveifootball",
"britishopen",
".icu",
"livetowatch",
"lionsvs",
"youtube",
"youtube.com",
"https://www.greatlovespells.co.uk",
"greatlovespells",
"whatsapp",
"Watch WWE Smackdown",
"mazda-ottawa",
".ncwit.",
"buddypress.org",
".richlandsource.",
"kansas-vs-michigan",
".okdrs.",
"opengameart.org",
"thephillyegotist.",
"thewellproject.",
"-vs-",
".reddit.",
".eu/",
"live-",
"/files/",
"watch-",
"grey-cuplive",
"archiveofourown.org",
"opengameart",
"-full-",
"reddit.",
"DTF",
"tf",
"f***",
"GTH",
"w.tf",
"w.th",
"wt_f",
"vagona",
"bi.tch",
"cra.p",
"inanphuquy",
"tockify.com",
"Best SEO Solutions",
"qiita",
"̍|̎|̄|̅|̿|̑|̆|̐|͒|͗|͑|̇|̈|̊|͂|̓|̈́|͊|͋|͌|̃|̂|̌|͐|̀|́|̋|̏|̒|̓|̔|̽|̉|ͣ|ͤ|ͥ|ͦ|ͧ|ͨ|ͩ|ͪ|ͫ|ͬ|ͭ|ͮ|ͯ|̾|͛|͆|̚|̕|̛|̀|́|͘|̡|̢|̧|̨|̴|̵|̶|͏|͜|͝|͞|͟|͠|͢|̸|̷|͡|҉|̖|̗|̘|̙|̜|̝|̞|̟|̠|̤|̥|̦|̩|̪|̫|̬|̭|̮|̯|̰|̱|̲|̳|̹|̺|̻|̼|ͅ|͇|͈|͉|͍|͎|͓|͔|͕|͖|͙|͚|̣",
"naughtyboy",
"pofsex",
"pofsex.com",
"meetpof",
"badoo",
"xxvideo.com",
"xxvideo",
"Xhamster.com",
"https://linktr.ee/",
"julia.karandina",
"https://linktr.ee/julia.karandina",
"my username julia_sweety",
"https://telegra.ph/Julia-Sweety-02-21",
"/Julia-Sweety-02-21",
"Julia-Sweety-",
"https://telegra.ph/",
"https://telegra.ph",
"telegra.ph",
"https://linktr.ee/-",
"https://linktr.ee/-denis1704",
"https://linktr.ee/-danis1704",
"danis1704",
"denis1704",
"danis",
"my username danis1704_danis1704",
"my username_ danis1704",
"@",
"h.e.l.l.",
"covid",
"tiktok",
"Tik Tok",
"'''customer",
"'''",
"'''c",
"Kartvally",
"Mojofox",
"Dailyknots",
"...customer...",
"Mozpassport.com",
"MOZ",
"meet.google.com",
"meet.google",
"padlet.com",
"zoom.us",
"docs.google.com",
"google.com",
"docs.google",
"Edgenuity",
"Apex",
"edgenuity",
"apex",
"https://consumer.klickly.com",
"klickly.com",
"klickly",
"sexx-chat.site",
"sexxx-chat.site",
"MASTERBATE",
"sex-today.fun",
"sexx-today.fun",
"sexxx-today.fun",
"MASTERBATION",
"sex-chat",
"sexx-chat",
"sexxx-chat",
"sex-partners.biz",
"sex-partners",
"sexxx-partners.biz",
"sexx-partners.biz",
"partners.biz",
"sexyphotos.online",
"gimkit.com",
"GIMKIT",
"po!rn",
"Po!rn",
"P0rn",
"ROBLOX",
"instagram",
"Instagram",
"h0rney",
"h0rny",
"Google",
"skype",
"HOMOPHOBIC",
"homophobic",
"N I G G E R",
"chatt - sex.online",
"chatt-sex.online",
"sex.online",
"chat-sex.online",
"chattt - sex.online",
"cuteladies.xyz",
"WEBCAM",
"WEB!CAM",
"MAST!URB!ATE",
"brainlygirls",
"girls.online",
".online",
"nu!de",
"ba!be",
"brainly.today",
"NUD!E",
"girlfriend",
"boyfriend",
"Hinge",
"Tinder",
"s e x",
"chat",
"dumb",
"hacked",
"google",
"B R A I N LY. T O D A Y",
"ʙʀᴀɪɴʟʏ.ᴛᴏᴅᴀʏ",
"BRAINLY.TODAY",
"Padlet",
"padlet",
"sexdates.fun",
"www.sexdates.fun",
"Fu*k me",
"Fu*k",
"fu*k",
"www.caffeine.tv/Cheerqueenslove/broadcast",
"www.caffeine.tv",
"www.caffeine.tv/",
"caffeine.tv",
"caffeine.tv/",
"youtubr",
"TIK TOKS",
"①|②|③|④|⑤|⑥|⑦|⑧|⑨|⑩|⑪|⑫|⑬|⑭|⑮|⑯|⑰|⑱|⑲|⑳|⑴|⑵|⑶|⑷|⑸|⑹|⑺|⑻|⑼|⑽|⑾|⑿|⒀|⒁|⒂|⒃|⒄|⒅|⒆|⒇|⒈|⒉|⒊|⒋|⒌|⒍|⒎|⒏|⒐|⒑|⒒|⒓|⒔|⒕|⒖|⒗|⒘|⒙|⒚|⒛|⒜|⒝|⒞|⒟|⒠|⒡|⒢|⒣|⒤|⒥|⒦|⒧|⒨|⒩|⒪|⒫|⒬|⒭|⒮|⒯|⒰|⒱|⒲|⒳|⒴|⒵|Ⓐ|Ⓑ|Ⓒ|Ⓓ|Ⓔ|Ⓕ|Ⓖ|Ⓗ|Ⓘ|Ⓙ|Ⓚ|Ⓛ|Ⓜ|Ⓝ|Ⓞ|Ⓟ|Ⓠ|Ⓡ|Ⓢ|Ⓣ|Ⓤ|Ⓥ|Ⓦ|Ⓧ|Ⓨ|Ⓩ|ⓐ|ⓑ|ⓒ|ⓓ|ⓔ|ⓕ|ⓖ|ⓗ|ⓘ|ⓙ|ⓚ|ⓛ|ⓜ|ⓝ|ⓞ|ⓟ",
"ⓠ|ⓡ|ⓢ|ⓣ|ⓤ|ⓥ|ⓦ|ⓧ|ⓨ|ⓩ|⓪|⓫|⓬|⓭|⓮|⓯|⓰|⓱|⓲|⓳|⓴|⓵|⓶|⓷|⓸|⓹|⓺|⓻|⓼|⓽|⓾|⓿|㊲|㊳|㊴|㊵|㊶|㊷|㊸|㊹|㊺|㊻|㊼|㊽|㊾|㊿|㏠|㏡|㏢|㏣|㏤|㏥|㏦|㏧|㏨|㏩|㏪|㏫|㏬|㏭|㏮|㏯|㏰|㏱|㏲|㏳|㏴|㏵|㏶|㏷|㏸|㏹|㏺|㍘|㍙|㍚|㍛|㍜|㍝|㍞|㍟|㍠|㍡|㍢|㍣|㍤|㍥|㍦|㍧|㍨|㍩|㍪|㍫|㍬|㍭|㍮|㍯|㍰|０|１|２|３|４|５|６|７|８|９|Ａ|Ｂ|Ｃ|Ｄ|Ｅ|Ｆ|Ｇ|Ｈ|Ｉ|Ｊ|Ｋ|Ｌ|Ｍ|Ｎ|Ｏ|Ｐ|Ｑ|Ｒ|Ｓ|Ｔ",
"Ｕ|Ｖ|Ｗ|Ｘ|Ｙ|Ｚ",
"p*ssy",
"p*ssy now",
"www.sexnow.fun",
"sexnow",
"b00ty",
"IDK",
"idk",
"bruh",
"b00bies",
"desmos.com",
"p-u-s-s-y",
"sëx cha.t",
"sex chàt",
"meetgooglecom/",
"meetgooglecom",
"̍|̎|̄|̅|̿|̑|̆|̐|͒|͗|͑|̇|̈|̊|͂|̓|̈́|͊|͋|͌|̃|̂|̌|͐|̀|́|̋|̏|̒|̓|̔|̽|̉|ͣ|ͤ|ͥ|ͦ|ͧ|ͨ|ͩ|ͪ|ͫ|ͬ|ͭ|ͮ|ͯ|̾|͛|͆|̚|̕|̛|̀|́|͘|̡|̢|̧|̨|̴|̵|̶|͏|͜|͝|͞|͟|͠|͢|̸|̷|͡|҉|̖|̗|̘|̙|̜|̝|̞|̟|̠|̤|̥|̦|̩|̪|̫|̬|̭|̮|̯|̰|̱|̲|̳|̹|̺|̻|̼|ͅ|͇|͈|͉|͍|͎|͓|͔|͕|͖|͙|͚|̣|๎|้",
"nitrotype.com",
"have zoom",
"join zoom",
"make a zoom",
"open a zoom",
"on zoom",
"wanna zoom",
"zoom code",
"zoom me",
"any girls wanna",
"zoom call",
"got a zoom",
"want to zoom",
"zoom app",
"join to zoom",
"join my zoom",
"my zoom",
"talk on zoom",
"zoom meeting",
"my zoòm",
"start a zoom",
"Zoom?",
"down to zoom",
"zoomm with",
"in zoom",
"zoom join",
"google meet",
"rate me",
"watchparty.me",
"follow my insta",
"shut up",
"bi.t.ch",
"sh.i.t",
"cutt.ly",
"herecutt.ly",
"cutt. ly",
"dogmovie.net",
"tinyurl.com",
"linkcutter.ga",
"yourlink.gg",
"yourlink.gq/gyko",
"shortlnk.ml",
"cutlnk.ml",
"tinylnk.ml",
"shortlnk.gq",
"tinylnk.gq",
"heretnylnk.ml",
"filetnylnk.ml",
"belowtnylnk.ml",
"tinyclick",
"I can only upload it to a file hosting service",
"you can download answer here",
"answer is in a file",
"customer care number",
"i hate u",
"b.o.o.b.s",
"p.adlet",
"pa.dlet",
"padle.t",
"zooom",
"quizizz",
"math papa",
"bеlow!xtiny.cf",
"sub to my",
"yt channel",
"follow me on insta",
"add me on snap",
"hot girls only",
"im bored",
"who wanna talk",
"this isnt a school question",
"friend zone",
"Brainly mods",
"anyone want to be my friend",
"anyone want to be friends",
"hunterxhunter",
"wanna be friends",
"who has discord",
"zo.om",
"zo-om",
"kahoot",
"what's your favorite",
"finish the lyric",
"finish the song",
"filеxtiny",
"xtiny",
"Еxplаnаtiоn is in а filе",
"BlTCH",
"I uрlоаdеd thе аnswеr tо а filе hоsting",
"Yоu cаn dоwnlоаd thе аnswеr hеrе",
"Аnswеr is in а phоtо. I cаn оnly uplоаd it to a file hоsting sеrvice",
".tk",
".ga",
".cf",
".gq",
"uplоаdеd it tо а filе hоsting",
"quizlet.com",
"4 sex",
"zôom",
"only girls zoom",
"girls sex",
"I don't know bro",
"Herе's link tо thе аnswer",
"Yоu cаn dоwnlоаd thе аnswеr",
"girl sex",
"I cоuldn't аttасh it hеrе, but I uplоаdеd it tо а filе hоsting.",
"do a rp",
"rp with me",
"furry rp",
"anime rp",
"your fave",
"just text me",
"here's my number",
"here's my email",
"I do not know the answer to this question",
"asdfghjkl",
"bit․ly",
"I uploadеd the answеr tо a filе hosting.",
"for Interested girls",
"zoo M id",
"my insta is",
"i am bored",
"FREE POINTS",
"cashapp",
"cash app",
"paypal",
"im gay",
"i'm gay",
"bts stan",
"who wants to talk",
"pad/let",
"cutt․ly",
"Еxplаnаtiоn is in a filе",
"rebrandly",
"tinyurl",
"bl.ink",
"semrush",
"ahrefs",
"sniply",
"parse.ly",
"su.pr",
"goo.gl",
"is.gd",
"snipurl",
"tiny.cc",
"fur.ly",
"F R E E P O I N T S",
"basesfile.com",
"robux",
"fortnite",
"minecraft",
"tik tok",
"roblox",
"name this song",
"i'm bored",
"NIGGA",
"who do you simp for",
"are you a simp",
"i'm not a simp",
"im not a simp",
"smash or pass",
"rate me 1",
"The answer and explanation to your question in a file",
"anyone wanna talk",
"anyone wanna rp",
"tnylnk",
"cutlnk",
"who wants to be friends",
"se x y g i r l s",
"come have f u n",
"j oin f as t​",
"customer /care/ number/",
"*customer*care* number*",
"shorturl",
"deeznuts",
"deeznutz",
"E⁣xplanation i⁣s i⁣n a f⁣ile",
"[tex]bit.^{}ly",
"[tex]cutt.^{}ly",
".^{}tk",
".^{}ga",
".^{}cf",
".^{}gq",
"[tex]basesfiles.^{}",
"[tex]tnylnk.^{}",
"[tex]cutlnk.^{}",
"❤​",
"u.to/",
"I u⁣⁣ploaded t⁣⁣he a⁣⁣nswer t⁣⁣o a f⁣⁣ile h⁣⁣osting.",
".([tex].*[/tex])*l([tex].*[/tex])*y",
".([tex].*[/tex])*t([tex].*[/tex])*k",
".([tex].*[/tex])*c([tex].*[/tex])*f",
".([tex].*[/tex])*m([tex].*[/tex])*l",
".([tex].*[/tex])*g([tex].*[/tex])*a",
".([tex].*[/tex])*g([tex].*[/tex])*q",
"fûçk",
"fûçkèr",
"dîçk",
"fūčķěř",
"u⁣⁣⁣ploaded i⁣⁣⁣t t⁣⁣⁣o a f⁣⁣⁣ile h⁣⁣⁣osting",
"bit.[tex]^{}[/tex]ly/3a8Nt8n",
"shorturl.at",
"xtiny.cf",
"tinylnk.cf",
"tnylnk.gq",
"xbox",
"gamertag",
"3a8Nt8n",
"in a filebit",
"I uploaded it to a file hosting",
"Answer is in a photo",
"3tZxaCQ",
"bit.[tex]^{}[/tex]ly/3tZxaCQ",
"Explanation is[tex]^{}[/tex] in a file",
"You can download[tex]^{}[/tex] the answer",
"I can only upload[tex]^{}[/tex] it to a file",
"file hosting service. link",
"Here's link[tex]^{}[/tex]",
"photomath",
"bad bvtch",
"NlGGA",
"2f3T96",
"Answer:heyExplanation:",
"Answer:hiExplanation:",
"H⁣ere's li⁣nk t⁣o th⁣e answ⁣er:",
"lm ao",
"zoo.m",
"h0t girls",
"file host",
"file hosting",
"here's link",
"bit.[tex]^{}[/tex]ly/3gVQKw3",
"3gVQKw3",
"filebit",
"ly/3gVQKw3",
"ly/3g",
"herebit.",
"[tex]^{}[/tex]",
"I uploaded the answer to",
"answer:bit.",
"Link Below! bit.[tex]^{}[/tex]ly/",
"prettygirls.website",
"prettygirls website",
"Photos of me getting fu!c!ke!d in the toilet at school watch here for free - : ₚᵣₑₜₜygᵢᵣₗₛ.wₑbₛᵢₜₑ",
"fu!c!ke!d",
"ₚᵣₑₜₜygᵢᵣₗₛ.wₑbₛᵢₜₑ",
"Jaiminy`creation myshopify customer care number,9832336299®®®#",
"jaiminy`creation myshopify customer care number,9832336299®®®#​`",
"myshopify",
"ꜱʜᴇ`ꜱ ɴᴜᴅᴇ ᴘʜᴏᴛᴏꜱ ᴀɴᴅ ᴠɪᴅꜱ ʜᴇʀᴇ ᴄᴏᴘʏ ᴛʜᴀᴛ ʟɪɴᴋ ᴀɴᴅ ᴏᴘᴇɴ ɪɴ ᴀ ɴᴇᴡ ᴛᴀʙ - ᵖʳᵉᵗᵗʸᵍⁱʳˡˢ.ʷᵉᵇˢⁱᵗᵉ",
"prettygirls,website",
"ꜱʜᴇ`ꜱ ɴᴜᴅᴇ ᴘʜᴏᴛᴏꜱ ᴀɴᴅ ᴠɪᴅꜱ ʜᴇʀᴇ ᴄᴏᴘʏ ᴛʜᴀᴛ ʟɪɴᴋ ᴀɴᴅ ᴏᴘᴇɴ ɪɴ ᴀ ɴᴇᴡ ᴛᴀʙ - ᵖʳᵉᵗᵗʸᵍⁱʳˡˢ.ʷᵉᵇˢⁱᵗᵉ`",
"z.oo.m",
"MY ɴᴜᴅᴇ ᴘʜᴏᴛᴏꜱ ᴀɴᴅ ᴠɪᴅꜱ ʜᴇʀᴇ ᴄᴏᴘʏ ᴛʜᴀᴛ ʟɪɴᴋ ᴀɴᴅ ᴏᴘᴇɴ ɪɴ ᴀ ɴᴇᴡ ᴛᴀʙ : ᵖʳᵉᵗᵗʸᵍⁱʳˡˢ.ʷᵉᵇˢⁱᵗᵉ",
"fock",
"foch",
"zo om",
"zo*om",
"z.oom",
"z oom",
"z00m",
"bítch",
"Gauthmath",
"msngr",
"2X07dra",
"i⁣s [tex]^{}[/tex]in the fil[tex]^{}[/tex]e below",
"bit[tex]^{}[/tex].ly",
"f(uck) sh!*t f.*ck",
"jo in",
"deez",
"meet code",
"meeting id",
"gmeet",
"Mee.tin.g I.D",
"bit.[tex]^{}[/tex]ly",
"fu!ck!ed",
"www.nowdate.fun",
"pu**y",
"ᵂᵃⁱᵗⁱⁿᵍ",
"ᴄｏᴍᴇ２ᴍᴇ",
"ᵐʸ",
"ｂｒａｉｎｌｙ.ｔｏｄａｙ",
"ｗａｈｔ",
"ｋｎｏｗ",
"ｄｏ",
"ʷᵉᵇᶜᵃᵐ",
"ⁿᵃᵏᵉᵈ",
"ˢᵖᵃᶜᵉ",
"ᵇʳᵃⁱⁿˡʸᶜᵒᵐ",
"ᴵᶠ",
"ˢᵉᵉ",
"ʷᵃⁿᵗ",
"ᴰᵒ",
"ᵇᵒᵒᵇˢ",
"ᶠᵒʳ",
"peynicumrei1985",
"ᵘˢᵉ",
"wealthtertentkin1981",
"ʸᵒᵘʳ",
"ʷᵒʳʳʸ",
"ᴰᵒⁿᵗ",
"ᶠʳᵉᵉ",
"ⁱᵗˢ",
"ʷⁱᵗʰ",
"ᵐᵃˢᵗᵘʳᵇᵃᵗᵉ",
"ᴵ",
"suicidal",
"ˢᵉˣʸᵖʰᵒᵗᵒˢ",
"ʸᵒᵘ",
"chatt",
"ᵒⁿˡⁱⁿᵉ",
"ᵃ",
"privovediz1985",
"ｆｏｒ",
"ｙｏｕ",
"ᵍⁱʳˡ",
"abofimov1986",
"ʳᵉᵃˡˡʸ",
"ᵈⁱᶜᵏ",
"ᵐᵒᵘᵗʰ",
"ᵇᵃᵈ",
"s-tupid",
"ᴾᵘⁿⁱˢʰ",
"ʷᵃˢ",
"ⁱⁿ",
"ᴵᵐ",
"henquismarim1980",
"ᵐᵉ",
"sex-today",
"ᵒⁿ",
"ｈｅｒｅ",
"di.ck",
"ᵇʳᵃⁱⁿˡʸ.ᵗᵒᵈᵃʸ",
"look!",
"mmmmm",
"ｔｏ",
"s*x",
"bit-ch",
"a-s-s",
"senpai",
"n-i-g-g-e-r",
"ˡⁱⁿᵏ",
"swat",
"a//ss",
"ᶠⁱⁿᵈ",
"ʰᵉʳᵉ",
"fu*cking",
"dadyy",
"a/ss",
"thorght",
"afro",
"duk",
"ⓦⓐⓝⓣ",
"gayyyy",
"ｇｏ",
"ⓨⓞⓤ",
"virgin",
"shid",
"ａｎｄ",
"ｔｈｅ",
"ⓢⓔⓔ",
"d*ck",
"busty",
"shlt",
"ⓝⓐⓚⓔⓓ",
"as.s",
"fu-ck",
"cn",
"virginity",
"fu.cking",
"msg",
"ƒuçk",
"sucked!",
"fucing",
"j0in",
"fu*ck",
"someb!ody",
"drunk",
"naked",
"a/s/s",
"babes",
"sexx",
"peen",
"fu.ck.ing",
"h.o.e",
"stu*pid",
"asss",
"a.ss",
"åšš",
"ⓜⓔ",
"niger",
"aroused",
"bit.ch",
"f**",
"f#ck",
"pull-out",
"i,m",
"p****",
"sucked",
"cuhh",
"n.ggas",
"glock",
"pusi",
"me!?!",
"bi-tch",
"sh-it",
"(shut",
"☺",
"flirt",
"obb-ovjk-adtjoin",
"penes",
"a*s",
"ni-gga",
"guidelines",
"panty",
"smexy",
"fūcking",
"nggaz",
"di-ck",
"fu..ck",
"b**ch",
"whooped",
"fu.cked",
"b-i-t-c-h",
"dicks",
"shi.t",
"ngga",
"homie",
"juicy",
"g00gle",
"assss",
"p***",
"luv",
"ಥ_ಥ",
"boutta",
"(yeah)",
"ayy",
"hiii",
"sh.it",
"ᵇᵉ",
"junkie.....me",
"ｉｔ",
"lookin'",
"shorty",
"pad.let",
"∴",
"a**",
"seks!-!ch!at",
"homophobes",
"a.s.s",
"karens",
"actin'",
"butthole",
"f*",
"keyonn",
"cha.t",
"ᵃⁿᵈ",
"bick",
"as.f",
"ᵗʰᵉ",
"fkn",
"bullsh*t",
"mtf",
"n.gga",
"thicc",
"ʷᵒⁿᵗ",
"ˢᵒʳʳʸ",
"ᶠᵒˡˡᵒʷ",
"ᵒⁿˡʸ",
"ᵀᵒᵖ",
"ˢⁱᵗᵉ",
"ᵇᵘʳⁿʸ",
"ᵗʰⁱˢ",
"ᶜʰⁱᶜᵏˢ",
"ᵇᵘˢᵗʸ",
"****",
"masturbation",
"yuh",
"fk",
"keyonnn",
"echo2155",
"europa2433",
"lemme",
"trynna",
"shawty",
"shii",
"finna",
"tryna",
"wanna",
"An y g irl",
"s ex and",
"like s ex",
"wan t to do",
"twitter",
"Inst'agram",
"Snapch'at",
"Hey Friend",
"❤",
"(◍•ᴗ•◍)",
"looking for friends",
"looking for some friends",
"my user is",
"my username is",
"An y g ir",
"g ir l",
"l ike sx",
"w an t to do",
"wh o l ike",
"Heyy guys",
"anyone want to be my",
"Any girl",
"on snap",
"snap me",
"Annnyy",
"girlllllll",
"wannt",
"dirrrtttyyy",
"chttttt",
"z oo omm​",
"dirty chat",
"ta..lk",
"he..lla",
"bo*red​",
"gírl",
"Mastûrbate",
"are you a girl",
"are you a boy",
"r u a girl",
"r u a boy",
"are u a girl",
"are u a boy",
"r you a girl",
"r you a boy",
"gí4l",
"Mastûrbaté",
"cutt[tex]^{}[/tex].ly",
"4Rq[tex]^{}[/tex]tIvk",
"cutt[tex]^{}[/tex]",
"cutt",
"Explanation is[tex]^{}[/tex]",
"[tex]^{}[/tex] in a file",
"You can down[tex]^{}[/tex]load",
"down[tex]^{}[/tex]load",
"load the answer",
"Li[tex]^{}[/tex]nk below!",
"Here's li[tex]^{}[/tex]nk",
"li[tex]^{}[/tex]nk",
"b-ored",
"Timed Test",
"Ra.te me ig bc im bo.red",
"Ra.te me",
"im bo.red",
"Hey Anyone wann.a be friends",
"❁◕ ‿ ◕❁",
"love u",
"join for talk​",
"plz join",
"Anyone here is on?",
"Want to have someone to talk to",
"sugar daddy",
"sugar baby",
"sugar mommy",
"sugar mama",
"trump 2020",
"(╥﹏╥)",
"plz",
"just want to text",
"can i give you my #",
"can i give u my #",
"can you give me your #",
"can u give me your #",
"can u give me ur #",
"can you give me ur #",
"can you share your #",
"can u share your #",
"can u share ur #",
"can you share ur #",
"can i get ur #",
"can i get your #",
"^{}",
"mdaf",
"/bfuck/b",
"/bc.k.",
"fvch",
"$:€X",
"/bsex",
"Pls dont report",
"Anyone need a friend or someone to talk to?",
"Anyone need a friend or someone to talk to",
"Anyone need a friend"